index,REPLACE1,REPLACE2,REPLACE3,REPLACE4,REPLACE5,REPLACE6,REPLACE7,REPLACE8,REPLACE9,REPLACE10,REPLACE11,REPLACE12,REPLACE13,REPLACE14,REPLACE15,REPLACE16,REPLACE17,REPLACE18,REPLACE19
1,Eiffellithus_turriseiffelii,Eiffellithus turriseiffelii,"(Deflandre in Deflandre & Fert, 1954) Reinhardt, 1965",Eiffellithus,Eiffellithus_turriseiffelii_Geologic_Range,Eiffellithus turriseiffelii Geologic Range,Eiffellithus_turriseiffelii_Base_Time,Eiffellithus turriseiffelii Base Time,Eiffellithus_turriseiffelii_Top_Time,Eiffellithus turriseiffelii Top Time,Eiffellithus_turriseiffelii_Base_NumericTime,Eiffellithus turriseiffelii Base NumericTime,Eiffellithus_turriseiffelii_Top_NumericTime,Eiffellithus turriseiffelii Top NumericTime,103.13,103.27,Null,Null,Z.  turriseiffeli
2,Hayesites_albiensis,Hayesites albiensis,"Manivit, 1971",Hayesites,Hayesites_albiensis_Geologic_Range,Hayesites albiensis Geologic Range,Hayesites_albiensis_Base_Time,Hayesites albiensis Base Time,Hayesites_albiensis_Top_Time,Hayesites albiensis Top Time,Hayesites_albiensis_Base_NumericTime,Hayesites albiensis Base NumericTime,Hayesites_albiensis_Top_NumericTime,Hayesites albiensis Top NumericTime,112.65,Null,100.84,100.69,H.  albiensis
3,Calculites_anfractus,Calculites anfractus,"(Wind & Wise in Wise & Wind, 1977) Perch Nielsen, 1984",Calculites,Calculites_anfractus_Geologic_Range,Calculites anfractus Geologic Range,Calculites_anfractus_Base_Time,Calculites anfractus Base Time,Calculites_anfractus_Top_Time,Calculites anfractus Top Time,Calculites_anfractus_Base_NumericTime,Calculites anfractus Base NumericTime,Calculites_anfractus_Top_NumericTime,Calculites anfractus Top NumericTime,Null,100.54(rare),Null,Null,P.  additus
4,Corollithion_kennedyi,Corollithion kennedyi,"Crux, 1981",Corollithion,Corollithion_kennedyi_Geologic_Range,Corollithion kennedyi Geologic Range,Corollithion_kennedyi_Base_Time,Corollithion kennedyi Base Time,Corollithion_kennedyi_Top_Time,Corollithion kennedyi Top Time,Corollithion_kennedyi_Base_NumericTime,Corollithion kennedyi Base NumericTime,Corollithion_kennedyi_Top_NumericTime,Corollithion kennedyi Top NumericTime,100.45,100.07,94.64,94.64,C.  kennedyi
5,Watznaueria_britannica,Watznaueria britannica,"(Stradner, 1963) Reinhardt, 1964",Watznaueria,Watznaueria_britannica_Geologic_Range,Watznaueria britannica Geologic Range,Watznaueria_britannica_Base_Time,Watznaueria britannica Base Time,Watznaueria_britannica_Top_Time,Watznaueria britannica Top Time,Watznaueria_britannica_Base_NumericTime,Watznaueria britannica Base NumericTime,Watznaueria_britannica_Top_NumericTime,Watznaueria britannica Top NumericTime,172.3,172.3,Null,Null,C.  britannicus
6,Gartnerago_chiasta,Gartnerago chiasta,"Varol, 1991",Gartnerago,Gartnerago_chiasta_Geologic_Range,Gartnerago chiasta Geologic Range,Gartnerago_chiasta_Base_Time,Gartnerago chiasta Base Time,Gartnerago_chiasta_Top_Time,Gartnerago chiasta Top Time,Gartnerago_chiasta_Base_NumericTime,Gartnerago chiasta Base NumericTime,Gartnerago_chiasta_Top_NumericTime,Gartnerago chiasta Top NumericTime,Null,Null,99.94,99.94,G.  chiasta
7,Kamptnerius_magnificus,Kamptnerius magnificus,"(Jeremiah, 2001) Lees & Bown 2016",Kamptnerius,Kamptnerius_magnificus_Geologic_Range,Kamptnerius magnificus Geologic Range,Kamptnerius_magnificus_Base_Time,Kamptnerius magnificus Base Time,Kamptnerius_magnificus_Top_Time,Kamptnerius magnificus Top Time,Kamptnerius_magnificus_Base_NumericTime,Kamptnerius magnificus Base NumericTime,Kamptnerius_magnificus_Top_NumericTime,Kamptnerius magnificus Top NumericTime,90.36,92.99(FCO),Null,Null,C.  bosunensis
8,Helicolithus_anceps,Helicolithus anceps,"Worsley, 1971",Helicolithus,Helicolithus_anceps_Geologic_Range,Helicolithus anceps Geologic Range,Helicolithus_anceps_Base_Time,Helicolithus anceps Base Time,Helicolithus_anceps_Top_Time,Helicolithus anceps Top Time,Helicolithus_anceps_Base_NumericTime,Helicolithus anceps Base NumericTime,Helicolithus_anceps_Top_NumericTime,Helicolithus anceps Top NumericTime,Null,99.92(rare),Null,Null,H.  staurolithina
9,Gartnerago_segmentatum,Gartnerago segmentatum,"Jakubowski, 1986",Gartnerago,Gartnerago_segmentatum_Geologic_Range,Gartnerago segmentatum Geologic Range,Gartnerago_segmentatum_Base_Time,Gartnerago segmentatum Base Time,Gartnerago_segmentatum_Top_Time,Gartnerago segmentatum Top Time,Gartnerago_segmentatum_Base_NumericTime,Gartnerago segmentatum Base NumericTime,Gartnerago_segmentatum_Top_NumericTime,Gartnerago segmentatum Top NumericTime,98.26,98.26,Null,Null,G.  praeobliquum
10,Zeugrhabdotus_xenotus,Zeugrhabdotus xenotus,"(Stover, 1966) Burnett in Gale et al., 1996",Zeugrhabdotus,Zeugrhabdotus_xenotus_Geologic_Range,Zeugrhabdotus xenotus Geologic Range,Zeugrhabdotus_xenotus_Base_Time,Zeugrhabdotus xenotus Base Time,Zeugrhabdotus_xenotus_Top_Time,Zeugrhabdotus xenotus Top Time,Zeugrhabdotus_xenotus_Base_NumericTime,Zeugrhabdotus xenotus Base NumericTime,Zeugrhabdotus_xenotus_Top_NumericTime,Zeugrhabdotus xenotus Top NumericTime,Null,Null,97.73,97.73,Z.  xenotus
11,Cylindralithus_sculptus,Cylindralithus sculptus,"Perch Nielsen, 1973",Cylindralithus,Cylindralithus_sculptus_Geologic_Range,Cylindralithus sculptus Geologic Range,Cylindralithus_sculptus_Base_Time,Cylindralithus sculptus Base Time,Cylindralithus_sculptus_Top_Time,Cylindralithus sculptus Top Time,Cylindralithus_sculptus_Base_NumericTime,Cylindralithus sculptus Base NumericTime,Cylindralithus_sculptus_Top_NumericTime,Cylindralithus sculptus Top NumericTime,97.31,97.31,Null,Null,C.  oweinae
12,Lithraphidites_acutus,Lithraphidites acutus,"Verbeek & Manivit in Manivit et al., 1977",Lithraphidites,Lithraphidites_acutus_Geologic_Range,Lithraphidites acutus Geologic Range,Lithraphidites_acutus_Base_Time,Lithraphidites acutus Base Time,Lithraphidites_acutus_Top_Time,Lithraphidites acutus Top Time,Lithraphidites_acutus_Base_NumericTime,Lithraphidites acutus Base NumericTime,Lithraphidites_acutus_Top_NumericTime,Lithraphidites acutus Top NumericTime,96.16,96.24,94.21,94.39,L.  acutum
13,Gartnerago_theta,Gartnerago theta,"(Hill, 1976) Perch Nielsen, 1984",Gartnerago,Gartnerago_theta_Geologic_Range,Gartnerago theta Geologic Range,Gartnerago_theta_Base_Time,Gartnerago theta Base Time,Gartnerago_theta_Top_Time,Gartnerago theta Top Time,Gartnerago_theta_Base_NumericTime,Gartnerago theta Base NumericTime,Gartnerago_theta_Top_NumericTime,Gartnerago theta Top NumericTime,Null,Null,95.93,95.93,B.  stenostaurion
14,Staurolithites_gausorhethium,Staurolithites gausorhethium,"(Hill, 1976) Varol & Girgis, 1994",Staurolithites,Staurolithites_gausorhethium_Geologic_Range,Staurolithites gausorhethium Geologic Range,Staurolithites_gausorhethium_Base_Time,Staurolithites gausorhethium Base Time,Staurolithites_gausorhethium_Top_Time,Staurolithites gausorhethium Top Time,Staurolithites_gausorhethium_Base_NumericTime,Staurolithites gausorhethium Base NumericTime,Staurolithites_gausorhethium_Top_NumericTime,Staurolithites gausorhethium Top NumericTime,Null,Null,95.02,95.02,V.  gausorhethium
15,Gartnerago_nanum,Gartnerago nanum,"Thierstein, 1974",Gartnerago,Gartnerago_nanum_Geologic_Range,Gartnerago nanum Geologic Range,Gartnerago_nanum_Base_Time,Gartnerago nanum Base Time,Gartnerago_nanum_Top_Time,Gartnerago nanum Top Time,Gartnerago_nanum_Base_NumericTime,Gartnerago nanum Base NumericTime,Gartnerago_nanum_Top_NumericTime,Gartnerago nanum Top NumericTime,Null,Null,94.79,94.79,G.  nanum
16,Cylindralithus_biarcus,Cylindralithus biarcus,"Bukry, 1969",Cylindralithus,Cylindralithus_biarcus_Geologic_Range,Cylindralithus biarcus Geologic Range,Cylindralithus_biarcus_Base_Time,Cylindralithus biarcus Base Time,Cylindralithus_biarcus_Top_Time,Cylindralithus biarcus Top Time,Cylindralithus_biarcus_Base_NumericTime,Cylindralithus biarcus Base NumericTime,Cylindralithus_biarcus_Top_NumericTime,Cylindralithus biarcus Top NumericTime,Null,94.54,94.54,80.3,C.  biarcus
17,Cretarhabdus_striatus,Cretarhabdus striatus,"(Stradner, 1963) Black, 1973",Cretarhabdus,Cretarhabdus_striatus_Geologic_Range,Cretarhabdus striatus Geologic Range,Cretarhabdus_striatus_Base_Time,Cretarhabdus striatus Base Time,Cretarhabdus_striatus_Top_Time,Cretarhabdus striatus Top Time,Cretarhabdus_striatus_Base_NumericTime,Cretarhabdus striatus Base NumericTime,Cretarhabdus_striatus_Top_NumericTime,Cretarhabdus striatus Top NumericTime,Null,Null,Null,Null,A.  striata
18,Axopodorhabdus_albianus,Axopodorhabdus albianus,"(Black, 1967) Wind & Wise  1983",Axopodorhabdus,Axopodorhabdus_albianus_Geologic_Range,Axopodorhabdus albianus Geologic Range,Axopodorhabdus_albianus_Base_Time,Axopodorhabdus albianus Base Time,Axopodorhabdus_albianus_Top_Time,Axopodorhabdus albianus Top Time,Axopodorhabdus_albianus_Base_NumericTime,Axopodorhabdus albianus Base NumericTime,Axopodorhabdus_albianus_Top_NumericTime,Axopodorhabdus albianus Top NumericTime,109.94,108.17,93.98,93.93,P.  albianus
19,Quadrum_intermedium,Quadrum intermedium,"Varol, 1992",Quadrum,Quadrum_intermedium_Geologic_Range,Quadrum intermedium Geologic Range,Quadrum_intermedium_Base_Time,Quadrum intermedium Base Time,Quadrum_intermedium_Top_Time,Quadrum intermedium Top Time,Quadrum_intermedium_Base_NumericTime,Quadrum intermedium Base NumericTime,Quadrum_intermedium_Top_NumericTime,Quadrum intermedium Top NumericTime,94.07,94.07,Null,Null,Q.  intermedium
20,Helenea_chiastia,Helenea chiastia,"Worsley, 1971",Helenea,Helenea_chiastia_Geologic_Range,Helenea chiastia Geologic Range,Helenea_chiastia_Base_Time,Helenea chiastia Base Time,Helenea_chiastia_Top_Time,Helenea chiastia Top Time,Helenea_chiastia_Base_NumericTime,Helenea chiastia Base NumericTime,Helenea_chiastia_Top_NumericTime,Helenea chiastia Top NumericTime,145.72,Null,93.9,93.9,H.  chiastia
21,Eprolithus_moratus,Eprolithus moratus,"(Stover, 1966) Burnett 1998",Eprolithus,Eprolithus_moratus_Geologic_Range,Eprolithus moratus Geologic Range,Eprolithus_moratus_Base_Time,Eprolithus moratus Base Time,Eprolithus_moratus_Top_Time,Eprolithus moratus Top Time,Eprolithus_moratus_Base_NumericTime,Eprolithus moratus Base NumericTime,Eprolithus_moratus_Top_NumericTime,Eprolithus moratus Top NumericTime,93.73,93.73,Null,Null,L.  moratus
22,Quadrum_gartneri,Quadrum gartneri,"Prins & Perch Nielsen in Manivit et al., 1977",Quadrum,Quadrum_gartneri_Geologic_Range,Quadrum gartneri Geologic Range,Quadrum_gartneri_Base_Time,Quadrum gartneri Base Time,Quadrum_gartneri_Top_Time,Quadrum gartneri Top Time,Quadrum_gartneri_Base_NumericTime,Quadrum gartneri Base NumericTime,Quadrum_gartneri_Top_NumericTime,Quadrum gartneri Top NumericTime,93.75,93.55,85.9,85.9,Q.  gartneri
23,Eiffellithus_eximius,Eiffellithus eximius,"(Stover, 1966) Perch Nielsen, 1968",Eiffellithus,Eiffellithus_eximius_Geologic_Range,Eiffellithus eximius Geologic Range,Eiffellithus_eximius_Base_Time,Eiffellithus eximius Base Time,Eiffellithus_eximius_Top_Time,Eiffellithus eximius Top Time,Eiffellithus_eximius_Base_NumericTime,Eiffellithus eximius Base NumericTime,Eiffellithus_eximius_Top_NumericTime,Eiffellithus eximius Top NumericTime,90.36,92.99,75.85,75.85,C.  eximius
24,Lucianorhabdus_quadrifidus,Lucianorhabdus quadrifidus,"Wind & Cepek, 1979",Lucianorhabdus,Lucianorhabdus_quadrifidus_Geologic_Range,Lucianorhabdus quadrifidus Geologic Range,Lucianorhabdus_quadrifidus_Base_Time,Lucianorhabdus quadrifidus Base Time,Lucianorhabdus_quadrifidus_Top_Time,Lucianorhabdus quadrifidus Top Time,Lucianorhabdus_quadrifidus_Base_NumericTime,Lucianorhabdus quadrifidus Base NumericTime,Lucianorhabdus_quadrifidus_Top_NumericTime,Lucianorhabdus quadrifidus Top NumericTime,90.23,92.53,Null,Null,L.  phlaskus
25,Thiersteinia_ecclesiastica,Thiersteinia ecclesiastica,"Lees, 2007",Thiersteinia,Thiersteinia_ecclesiastica_Geologic_Range,Thiersteinia ecclesiastica Geologic Range,Thiersteinia_ecclesiastica_Base_Time,Thiersteinia ecclesiastica Base Time,Thiersteinia_ecclesiastica_Top_Time,Thiersteinia ecclesiastica Top Time,Thiersteinia_ecclesiastica_Base_NumericTime,Thiersteinia ecclesiastica Base NumericTime,Thiersteinia_ecclesiastica_Top_NumericTime,Thiersteinia ecclesiastica Top NumericTime,Null,Null,Null,Null,T.  varolii
26,Zeugrhabdotus_biperforatus,Zeugrhabdotus biperforatus,"(Gartner, 1968) Burnett, 1997",Zeugrhabdotus,Zeugrhabdotus_biperforatus_Geologic_Range,Zeugrhabdotus biperforatus Geologic Range,Zeugrhabdotus_biperforatus_Base_Time,Zeugrhabdotus biperforatus Base Time,Zeugrhabdotus_biperforatus_Top_Time,Zeugrhabdotus biperforatus Top Time,Zeugrhabdotus_biperforatus_Base_NumericTime,Zeugrhabdotus biperforatus Base NumericTime,Zeugrhabdotus_biperforatus_Top_NumericTime,Zeugrhabdotus biperforatus Top NumericTime,89.95,91.33,Null,Null,Z.  biperforatus
27,Broinsonia_parca_expansa,Broinsonia parca expansa,"(Stradner, 1963) Bukry, 1969",Broinsonia,Broinsonia_parca_expansa_Geologic_Range,Broinsonia parca expansa Geologic Range,Broinsonia_parca_expansa_Base_Time,Broinsonia parca expansa Base Time,Broinsonia_parca_expansa_Top_Time,Broinsonia parca expansa Top Time,Broinsonia_parca_expansa_Base_NumericTime,Broinsonia parca expansa Base NumericTime,Broinsonia_parca_expansa_Top_NumericTime,Broinsonia parca expansa Top NumericTime,89.49,89.49,Null,Null,A.  parca
28,Micula_stauropora,Micula stauropora,"(Gardet, 1955) Stradner, 1963",Micula,Micula_stauropora_Geologic_Range,Micula stauropora Geologic Range,Micula_stauropora_Base_Time,Micula stauropora Base Time,Micula_stauropora_Top_Time,Micula stauropora Top Time,Micula_stauropora_Base_NumericTime,Micula stauropora Base NumericTime,Micula_stauropora_Top_NumericTime,Micula stauropora Top NumericTime,87.18,89.39,Null,Null,D.  staurophorus
29,Zeugrhabdotus_kerguelenensis,Zeugrhabdotus kerguelenensis,"Watkins, 1992",Zeugrhabdotus,Zeugrhabdotus_kerguelenensis_Geologic_Range,Zeugrhabdotus kerguelenensis Geologic Range,Zeugrhabdotus_kerguelenensis_Base_Time,Zeugrhabdotus kerguelenensis Base Time,Zeugrhabdotus_kerguelenensis_Top_Time,Zeugrhabdotus kerguelenensis Top Time,Zeugrhabdotus_kerguelenensis_Base_NumericTime,Zeugrhabdotus kerguelenensis Base NumericTime,Zeugrhabdotus_kerguelenensis_Top_NumericTime,Zeugrhabdotus kerguelenensis Top NumericTime,Null,Null,Null,Null,Z.  kerguelenensis
30,Lithastrinus_grillii,Lithastrinus grillii,"Stradner & Steinmetz, 1984",Lithastrinus,Lithastrinus_grillii_Geologic_Range,Lithastrinus grillii Geologic Range,Lithastrinus_grillii_Base_Time,Lithastrinus grillii Base Time,Lithastrinus_grillii_Top_Time,Lithastrinus grillii Top Time,Lithastrinus_grillii_Base_NumericTime,Lithastrinus grillii Base NumericTime,Lithastrinus_grillii_Top_NumericTime,Lithastrinus grillii Top NumericTime,85.97,85.97,79.73,79.73,L.  atlanticus
31,Lucianorhabdus_cayeuxii,Lucianorhabdus cayeuxii,"Lees, 2007",Lucianorhabdus,Lucianorhabdus_cayeuxii_Geologic_Range,Lucianorhabdus cayeuxii Geologic Range,Lucianorhabdus_cayeuxii_Base_Time,Lucianorhabdus cayeuxii Base Time,Lucianorhabdus_cayeuxii_Top_Time,Lucianorhabdus cayeuxii Top Time,Lucianorhabdus_cayeuxii_Base_NumericTime,Lucianorhabdus cayeuxii Base NumericTime,Lucianorhabdus_cayeuxii_Top_NumericTime,Lucianorhabdus cayeuxii Top NumericTime,85.84,85.84,Null,Null,L.  boudagherfadeliae
32,Lithastrinus_septenarius,Lithastrinus septenarius,"Farhan, 1987",Lithastrinus,Lithastrinus_septenarius_Geologic_Range,Lithastrinus septenarius Geologic Range,Lithastrinus_septenarius_Base_Time,Lithastrinus septenarius Base Time,Lithastrinus_septenarius_Top_Time,Lithastrinus septenarius Top Time,Lithastrinus_septenarius_Base_NumericTime,Lithastrinus septenarius Base NumericTime,Lithastrinus_septenarius_Top_NumericTime,Lithastrinus septenarius Top NumericTime,90.14 (Lithastrinus septenarius(sensu lato)),92.24 (Lithastrinus septenarius(sensu lato)),85.3,85.3,L.  quadricuspis
33,Arkhangelskiella_cymbiformis,Arkhangelskiella cymbiformis,"Bown, 1985",Arkhangelskiella,Arkhangelskiella_cymbiformis_Geologic_Range,Arkhangelskiella cymbiformis Geologic Range,Arkhangelskiella_cymbiformis_Base_Time,Arkhangelskiella cymbiformis Base Time,Arkhangelskiella_cymbiformis_Top_Time,Arkhangelskiella cymbiformis Top Time,Arkhangelskiella_cymbiformis_Base_NumericTime,Arkhangelskiella cymbiformis Base NumericTime,Arkhangelskiella_cymbiformis_Top_NumericTime,Arkhangelskiella cymbiformis Top NumericTime,83.96,83.33,Null,Null,A.  koesseni
34,Orastrum_campanensis,Orastrum campanensis,"Wind & Wise in Wise & Wind, 1977",Orastrum,Orastrum_campanensis_Geologic_Range,Orastrum campanensis Geologic Range,Orastrum_campanensis_Base_Time,Orastrum campanensis Base Time,Orastrum_campanensis_Top_Time,Orastrum campanensis Top Time,Orastrum_campanensis_Base_NumericTime,Orastrum campanensis Base NumericTime,Orastrum_campanensis_Top_NumericTime,Orastrum campanensis Top NumericTime,82.76(FCO),82.76(FCO),77.04,77.04,O.  asarotum
35,Broinsonia_parca_parca,Broinsonia parca parca,"(Stradner, 1963) Bukry, 1969",Broinsonia,Broinsonia_parca_parca_Geologic_Range,Broinsonia parca parca Geologic Range,Broinsonia_parca_parca_Base_Time,Broinsonia parca parca Base Time,Broinsonia_parca_parca_Top_Time,Broinsonia parca parca Top Time,Broinsonia_parca_parca_Base_NumericTime,Broinsonia parca parca Base NumericTime,Broinsonia_parca_parca_Top_NumericTime,Broinsonia parca parca Top NumericTime,82.79,81.43,Null,Null,A.  parca
36,Broinsonia_parca_constricta,Broinsonia parca constricta,"(Stradner, 1963) Bukry, 1969",Broinsonia,Broinsonia_parca_constricta_Geologic_Range,Broinsonia parca constricta Geologic Range,Broinsonia_parca_constricta_Base_Time,Broinsonia parca constricta Base Time,Broinsonia_parca_constricta_Top_Time,Broinsonia parca constricta Top Time,Broinsonia_parca_constricta_Base_NumericTime,Broinsonia parca constricta Base NumericTime,Broinsonia_parca_constricta_Top_NumericTime,Broinsonia parca constricta Top NumericTime,82.29,81.38,71.94,71.94,A.  parca
37,Bukryaster_hayi,Bukryaster hayi,Bergen et al. 2013,Bukryaster,Bukryaster_hayi_Geologic_Range,Bukryaster hayi Geologic Range,Bukryaster_hayi_Base_Time,Bukryaster hayi Base Time,Bukryaster_hayi_Top_Time,Bukryaster hayi Top Time,Bukryaster_hayi_Base_NumericTime,Bukryaster hayi Base NumericTime,Bukryaster_hayi_Top_NumericTime,Bukryaster hayi Top NumericTime,Null,Null,Null,Null,B.  lusitanicus
38,Ceratolithoides_verbeekii,Ceratolithoides verbeekii,"Burnett, 1997",Ceratolithoides,Ceratolithoides_verbeekii_Geologic_Range,Ceratolithoides verbeekii Geologic Range,Ceratolithoides_verbeekii_Base_Time,Ceratolithoides verbeekii Base Time,Ceratolithoides_verbeekii_Top_Time,Ceratolithoides verbeekii Top Time,Ceratolithoides_verbeekii_Base_NumericTime,Ceratolithoides verbeekii Base NumericTime,Ceratolithoides_verbeekii_Top_NumericTime,Ceratolithoides verbeekii Top NumericTime,81.21,81.21,Null,Null,C.  ultimus
39,Misceomarginatus_pleniporus,Misceomarginatus pleniporus,"Wind & Wise in Wise & Wind, 1977",Misceomarginatus,Misceomarginatus_pleniporus_Geologic_Range,Misceomarginatus pleniporus Geologic Range,Misceomarginatus_pleniporus_Base_Time,Misceomarginatus pleniporus Base Time,Misceomarginatus_pleniporus_Top_Time,Misceomarginatus pleniporus Top Time,Misceomarginatus_pleniporus_Base_NumericTime,Misceomarginatus pleniporus Base NumericTime,Misceomarginatus_pleniporus_Top_NumericTime,Misceomarginatus pleniporus Top NumericTime,80.97,Null,Null,Null,M.  pleniporus
40,Heteromarginatus_bugensis,Heteromarginatus bugensis,"Lambert, 1987",Heteromarginatus,Heteromarginatus_bugensis_Geologic_Range,Heteromarginatus bugensis Geologic Range,Heteromarginatus_bugensis_Base_Time,Heteromarginatus bugensis Base Time,Heteromarginatus_bugensis_Top_Time,Heteromarginatus bugensis Top Time,Heteromarginatus_bugensis_Base_NumericTime,Heteromarginatus bugensis Base NumericTime,Heteromarginatus_bugensis_Top_NumericTime,Heteromarginatus bugensis Top NumericTime,79.01,79.01,73.32,73.32,H.  asymetricus
41,Prediscosphaera_stoveri,Prediscosphaera stoveri,group,Prediscosphaera,Prediscosphaera_stoveri_Geologic_Range,Prediscosphaera stoveri Geologic Range,Prediscosphaera_stoveri_Base_Time,Prediscosphaera stoveri Base Time,Prediscosphaera_stoveri_Top_Time,Prediscosphaera stoveri Top Time,Prediscosphaera_stoveri_Base_NumericTime,Prediscosphaera stoveri Base NumericTime,Prediscosphaera_stoveri_Top_NumericTime,Prediscosphaera stoveri Top NumericTime,78.73,78.73,Null,Null,0
42,Ceratolithoides_aculeus,Ceratolithoides aculeus,"Burnett, 1997",Ceratolithoides,Ceratolithoides_aculeus_Geologic_Range,Ceratolithoides aculeus Geologic Range,Ceratolithoides_aculeus_Base_Time,Ceratolithoides aculeus Base Time,Ceratolithoides_aculeus_Top_Time,Ceratolithoides aculeus Top Time,Ceratolithoides_aculeus_Base_NumericTime,Ceratolithoides aculeus Base NumericTime,Ceratolithoides_aculeus_Top_NumericTime,Ceratolithoides aculeus Top NumericTime,79.13,Null,Null,Null,C.  naturalisteplateauensis
43,Uniplanarius_sissinghii,Uniplanarius sissinghii,"(Perch Nielsen, 1986) Farhan 1987",Uniplanarius,Uniplanarius_sissinghii_Geologic_Range,Uniplanarius sissinghii Geologic Range,Uniplanarius_sissinghii_Base_Time,Uniplanarius sissinghii Base Time,Uniplanarius_sissinghii_Top_Time,Uniplanarius sissinghii Top Time,Uniplanarius_sissinghii_Base_NumericTime,Uniplanarius sissinghii Base NumericTime,Uniplanarius_sissinghii_Top_NumericTime,Uniplanarius sissinghii Top NumericTime,77.56,77.56,Null,Null,Q.  sissinghii
44,Uniplanarius_trifidus,Uniplanarius trifidus,"(Perch Nielsen, 1986) Farhan 1987",Uniplanarius,Uniplanarius_trifidus_Geologic_Range,Uniplanarius trifidus Geologic Range,Uniplanarius_trifidus_Base_Time,Uniplanarius trifidus Base Time,Uniplanarius_trifidus_Top_Time,Uniplanarius trifidus Top Time,Uniplanarius_trifidus_Base_NumericTime,Uniplanarius trifidus Base NumericTime,Uniplanarius_trifidus_Top_NumericTime,Uniplanarius trifidus Top NumericTime,71.3,71.3,Null,Null,Q.  sissinghii
45,Eiffellithus_parallelus,Eiffellithus parallelus,"Perch Nielsen, 1973",Eiffellithus,Eiffellithus_parallelus_Geologic_Range,Eiffellithus parallelus Geologic Range,Eiffellithus_parallelus_Base_Time,Eiffellithus parallelus Base Time,Eiffellithus_parallelus_Top_Time,Eiffellithus parallelus Top Time,Eiffellithus_parallelus_Base_NumericTime,Eiffellithus parallelus Base NumericTime,Eiffellithus_parallelus_Top_NumericTime,Eiffellithus parallelus Top NumericTime,74.74,74.74,Null,Null,E.  parallelus
46,Biscutum_dissimilis,Biscutum dissimilis,"Covington, 1994",Biscutum,Biscutum_dissimilis_Geologic_Range,Biscutum dissimilis Geologic Range,Biscutum_dissimilis_Base_Time,Biscutum dissimilis Base Time,Biscutum_dissimilis_Top_Time,Biscutum dissimilis Top Time,Biscutum_dissimilis_Base_NumericTime,Biscutum dissimilis Base NumericTime,Biscutum_dissimilis_Top_NumericTime,Biscutum dissimilis Top NumericTime,Null,Null,Null,Null,B.  dekaenelii
47,Tortolithus_caistorensis,Tortolithus caistorensis,"Bown, 1987",Tortolithus,Tortolithus_caistorensis_Geologic_Range,Tortolithus caistorensis Geologic Range,Tortolithus_caistorensis_Base_Time,Tortolithus caistorensis Base Time,Tortolithus_caistorensis_Top_Time,Tortolithus caistorensis Top Time,Tortolithus_caistorensis_Base_NumericTime,Tortolithus caistorensis Base NumericTime,Tortolithus_caistorensis_Top_NumericTime,Tortolithus caistorensis Top NumericTime,Null,Null,72.21,72.21,T.  cypella
48,Monomarginatus_quaternarius,Monomarginatus quaternarius,"Wind & Wise in Wise & Wind, 1977",Monomarginatus,Monomarginatus_quaternarius_Geologic_Range,Monomarginatus quaternarius Geologic Range,Monomarginatus_quaternarius_Base_Time,Monomarginatus quaternarius Base Time,Monomarginatus_quaternarius_Top_Time,Monomarginatus quaternarius Top Time,Monomarginatus_quaternarius_Base_NumericTime,Monomarginatus quaternarius Base NumericTime,Monomarginatus_quaternarius_Top_NumericTime,Monomarginatus quaternarius Top NumericTime,Null,Null,72.1,72.1,M.  quaternarius
49,Tranolithus_orionatus,Tranolithus orionatus,"(Reinhardt, 1966a) Reinhardt, 1966b",Tranolithus,Tranolithus_orionatus_Geologic_Range,Tranolithus orionatus Geologic Range,Tranolithus_orionatus_Base_Time,Tranolithus orionatus Base Time,Tranolithus_orionatus_Top_Time,Tranolithus orionatus Top Time,Tranolithus_orionatus_Base_NumericTime,Tranolithus orionatus Base NumericTime,Tranolithus_orionatus_Top_NumericTime,Tranolithus orionatus Top NumericTime,110.73,109.96,71.02,70.94,D.  orionatus
50,Biscutum_coronum,Biscutum coronum,"Wind & Wise in Wise & Wind, 1977",Biscutum,Biscutum_coronum_Geologic_Range,Biscutum coronum Geologic Range,Biscutum_coronum_Base_Time,Biscutum coronum Base Time,Biscutum_coronum_Top_Time,Biscutum coronum Top Time,Biscutum_coronum_Base_NumericTime,Biscutum coronum Base NumericTime,Biscutum_coronum_Top_NumericTime,Biscutum coronum Top NumericTime,Null,Null,Null,Null,B.  boletum
51,Reinhardtites_levis,Reinhardtites levis,"Prins & Sissingh in Sissingh, 1977",Reinhardtites,Reinhardtites_levis_Geologic_Range,Reinhardtites levis Geologic Range,Reinhardtites_levis_Base_Time,Reinhardtites levis Base Time,Reinhardtites_levis_Top_Time,Reinhardtites levis Top Time,Reinhardtites_levis_Base_NumericTime,Reinhardtites levis Base NumericTime,Reinhardtites_levis_Top_NumericTime,Reinhardtites levis Top NumericTime,74.84,69.18,70.14,70.14,R.  levis
52,Lithraphidites_quadratus,Lithraphidites quadratus,"Bramlette & Martini, 1964",Lithraphidites,Lithraphidites_quadratus_Geologic_Range,Lithraphidites quadratus Geologic Range,Lithraphidites_quadratus_Base_Time,Lithraphidites quadratus Base Time,Lithraphidites_quadratus_Top_Time,Lithraphidites quadratus Top Time,Lithraphidites_quadratus_Base_NumericTime,Lithraphidites quadratus Base NumericTime,Lithraphidites_quadratus_Top_NumericTime,Lithraphidites quadratus Top NumericTime,69.18,69.18,Null,Null,L.  quadratus
53,Nephrolithus_frequens,Nephrolithus frequens,"Wind, 1983",Nephrolithus,Nephrolithus_frequens_Geologic_Range,Nephrolithus frequens Geologic Range,Nephrolithus_frequens_Base_Time,Nephrolithus frequens Base Time,Nephrolithus_frequens_Top_Time,Nephrolithus frequens Top Time,Nephrolithus_frequens_Base_NumericTime,Nephrolithus frequens Base NumericTime,Nephrolithus_frequens_Top_NumericTime,Nephrolithus frequens Top NumericTime,67.82,67.82(oldest possible),Null,Null,N.  corystus
54,Arkhangelskiella_maastrichtiana,Arkhangelskiella maastrichtiana,"Vekshina, 1959",Arkhangelskiella,Arkhangelskiella_maastrichtiana_Geologic_Range,Arkhangelskiella maastrichtiana Geologic Range,Arkhangelskiella_maastrichtiana_Base_Time,Arkhangelskiella maastrichtiana Base Time,Arkhangelskiella_maastrichtiana_Top_Time,Arkhangelskiella maastrichtiana Top Time,Arkhangelskiella_maastrichtiana_Base_NumericTime,Arkhangelskiella maastrichtiana Base NumericTime,Arkhangelskiella_maastrichtiana_Top_NumericTime,Arkhangelskiella maastrichtiana Top NumericTime,Null,66.84,Null,Null,A.  cymbiformis
55,Cribrosphaerella_daniae,Cribrosphaerella daniae,"(Risatti, 1973) Lees, 2007",Cribrosphaerella,Cribrosphaerella_daniae_Geologic_Range,Cribrosphaerella daniae Geologic Range,Cribrosphaerella_daniae_Base_Time,Cribrosphaerella daniae Base Time,Cribrosphaerella_daniae_Top_Time,Cribrosphaerella daniae Top Time,Cribrosphaerella_daniae_Base_NumericTime,Cribrosphaerella daniae Base NumericTime,Cribrosphaerella_daniae_Top_NumericTime,Cribrosphaerella daniae Top NumericTime,66.74,66.6,Null,Null,C.  circula
56,Micula_murus,Micula murus,"(Martini, 1961) Bukry, 1973",Micula,Micula_murus_Geologic_Range,Micula murus Geologic Range,Micula_murus_Base_Time,Micula murus Base Time,Micula_murus_Top_Time,Micula murus Top Time,Micula_murus_Base_NumericTime,Micula murus Base NumericTime,Micula_murus_Top_NumericTime,Micula murus Top NumericTime,69,Null,66.04,Null,T.  murus
57,Ceratolithoides_kamptneri,Ceratolithoides kamptneri,"Burnett, 1997",Ceratolithoides,Ceratolithoides_kamptneri_Geologic_Range,Ceratolithoides kamptneri Geologic Range,Ceratolithoides_kamptneri_Base_Time,Ceratolithoides kamptneri Base Time,Ceratolithoides_kamptneri_Top_Time,Ceratolithoides kamptneri Top Time,Ceratolithoides_kamptneri_Base_NumericTime,Ceratolithoides kamptneri Base NumericTime,Ceratolithoides_kamptneri_Top_NumericTime,Ceratolithoides kamptneri Top NumericTime,67.82,Null,Null,Null,C.  indiensis
58,Micula_prinsii,Micula prinsii,"Lees & Bown, 2005",Micula,Micula_prinsii_Geologic_Range,Micula prinsii Geologic Range,Micula_prinsii_Base_Time,Micula prinsii Base Time,Micula_prinsii_Top_Time,Micula prinsii Top Time,Micula_prinsii_Base_NumericTime,Micula prinsii Base NumericTime,Micula_prinsii_Top_NumericTime,Micula prinsii Top NumericTime,67.28,Null,Null,Null,M.  premolisilvae
59,Nannoconus_steinmannii,Nannoconus steinmannii,"Kamptner, 1931",Nannoconus,Nannoconus_steinmannii_Geologic_Range,Nannoconus steinmannii Geologic Range,Nannoconus_steinmannii_Base_Time,Nannoconus steinmannii Base Time,Nannoconus_steinmannii_Top_Time,Nannoconus steinmannii Top Time,Nannoconus_steinmannii_Base_NumericTime,Nannoconus steinmannii Base NumericTime,Nannoconus_steinmannii_Top_NumericTime,Nannoconus steinmannii Top NumericTime,143.1,Null,Null,Null,N. steinmannii
60,Stradneria_crenulata,Stradneria crenulata,"Bramlette & Martini, 1964",Stradneria,Stradneria_crenulata_Geologic_Range,Stradneria crenulata Geologic Range,Stradneria_crenulata_Base_Time,Stradneria crenulata Base Time,Stradneria_crenulata_Top_Time,Stradneria crenulata Top Time,Stradneria_crenulata_Base_NumericTime,Stradneria crenulata Base NumericTime,Stradneria_crenulata_Top_NumericTime,Stradneria crenulata Top NumericTime,Null,Null,Null,Null,S. crenulata
61,Calcicalathina_oblongata,Calcicalathina oblongata,"(Worsley, 1971) Thierstein, 1971",Calcicalathina,Calcicalathina_oblongata_Geologic_Range,Calcicalathina oblongata Geologic Range,Calcicalathina_oblongata_Base_Time,Calcicalathina oblongata Base Time,Calcicalathina_oblongata_Top_Time,Calcicalathina oblongata Top Time,Calcicalathina_oblongata_Base_NumericTime,Calcicalathina oblongata Base NumericTime,Calcicalathina_oblongata_Top_NumericTime,Calcicalathina oblongata Top NumericTime,137.41,Null,125.42,Null,C. oblongata
62,Cretarhabdus_loriei,Cretarhabdus loriei,Gartner 1968,Cretarhabdus,Cretarhabdus_loriei_Geologic_Range,Cretarhabdus loriei Geologic Range,Cretarhabdus_loriei_Base_Time,Cretarhabdus loriei Base Time,Cretarhabdus_loriei_Top_Time,Cretarhabdus loriei Top Time,Cretarhabdus_loriei_Base_NumericTime,Cretarhabdus loriei Base NumericTime,Cretarhabdus_loriei_Top_NumericTime,Cretarhabdus loriei Top NumericTime,Null,Null,Null,Null,C. loriei
63,Speetonia_colligata,Speetonia colligata,Black 1971,Speetonia,Speetonia_colligata_Geologic_Range,Speetonia colligata Geologic Range,Speetonia_colligata_Base_Time,Speetonia colligata Base Time,Speetonia_colligata_Top_Time,Speetonia colligata Top Time,Speetonia_colligata_Base_NumericTime,Speetonia colligata Base NumericTime,Speetonia_colligata_Top_NumericTime,Speetonia colligata Top NumericTime,127.99,127.27,Null,136.72,S. colligata
64,Chiastozygus_litterarius,Chiastozygus litterarius,"(Gorka, 1957) Manivit, 1971",Chiastozygus,Chiastozygus_litterarius_Geologic_Range,Chiastozygus litterarius Geologic Range,Chiastozygus_litterarius_Base_Time,Chiastozygus litterarius Base Time,Chiastozygus_litterarius_Top_Time,Chiastozygus litterarius Top Time,Chiastozygus_litterarius_Base_NumericTime,Chiastozygus litterarius Base NumericTime,Chiastozygus_litterarius_Top_NumericTime,Chiastozygus litterarius Top NumericTime,Null,Null,Null,Null,C. litterarius
65,Prediscosphaera_columnata,Prediscosphaera columnata,"(Stover, 1966) Perch Nielsen, 1984",Prediscosphaera,Prediscosphaera_columnata_Geologic_Range,Prediscosphaera columnata Geologic Range,Prediscosphaera_columnata_Base_Time,Prediscosphaera columnata Base Time,Prediscosphaera_columnata_Top_Time,Prediscosphaera columnata Top Time,Prediscosphaera_columnata_Base_NumericTime,Prediscosphaera columnata Base NumericTime,Prediscosphaera_columnata_Top_NumericTime,Prediscosphaera columnata Top NumericTime,112.95,113.17,Null,Null,P. columnata
66,Microrhabdulus_decoratus,Microrhabdulus decoratus,"Deflandre, 1959",Microrhabdulus,Microrhabdulus_decoratus_Geologic_Range,Microrhabdulus decoratus Geologic Range,Microrhabdulus_decoratus_Base_Time,Microrhabdulus decoratus Base Time,Microrhabdulus_decoratus_Top_Time,Microrhabdulus decoratus Top Time,Microrhabdulus_decoratus_Base_NumericTime,Microrhabdulus decoratus Base NumericTime,Microrhabdulus_decoratus_Top_NumericTime,Microrhabdulus decoratus Top NumericTime,96.16,Null,Null,Null,M. decoratus
67,Lucianorhabdus_maleformis,Lucianorhabdus maleformis,"Reinhardt, 1966",Lucianorhabdus,Lucianorhabdus_maleformis_Geologic_Range,Lucianorhabdus maleformis Geologic Range,Lucianorhabdus_maleformis_Base_Time,Lucianorhabdus maleformis Base Time,Lucianorhabdus_maleformis_Top_Time,Lucianorhabdus maleformis Top Time,Lucianorhabdus_maleformis_Base_NumericTime,Lucianorhabdus maleformis Base NumericTime,Lucianorhabdus_maleformis_Top_NumericTime,Lucianorhabdus maleformis Top NumericTime,93.75,93.55,Null,Null,L. maleformis
68,Marthasterites_furcatus,Marthasterites furcatus,"(Deflandre in Deflandre & Fert, 1954) Deflandre, 1959",Marthasterites,Marthasterites_furcatus_Geologic_Range,Marthasterites furcatus Geologic Range,Marthasterites_furcatus_Base_Time,Marthasterites furcatus Base Time,Marthasterites_furcatus_Top_Time,Marthasterites furcatus Top Time,Marthasterites_furcatus_Base_NumericTime,Marthasterites furcatus Base NumericTime,Marthasterites_furcatus_Top_NumericTime,Marthasterites furcatus Top NumericTime,89.86,93.64,80.97,Null,M. furcatus
69,Micula_decussata,Micula decussata,Vekshina 1959,Micula,Micula_decussata_Geologic_Range,Micula decussata Geologic Range,Micula_decussata_Base_Time,Micula decussata Base Time,Micula_decussata_Top_Time,Micula decussata Top Time,Micula_decussata_Base_NumericTime,Micula decussata Base NumericTime,Micula_decussata_Top_NumericTime,Micula decussata Top NumericTime,Null,Null,Null,Null,M. decussata
70,Reinhardtites_anthophorus,Reinhardtites anthophorus,"(Deflandre, 1959) Perch Nielsen, 1968",Reinhardtites,Reinhardtites_anthophorus_Geologic_Range,Reinhardtites anthophorus Geologic Range,Reinhardtites_anthophorus_Base_Time,Reinhardtites anthophorus Base Time,Reinhardtites_anthophorus_Top_Time,Reinhardtites anthophorus Top Time,Reinhardtites_anthophorus_Base_NumericTime,Reinhardtites anthophorus Base NumericTime,Reinhardtites_anthophorus_Top_NumericTime,Reinhardtites anthophorus Top NumericTime,86.57,87.68,74.47,74.47,R. anthophorus
71,Calculites_obscurus,Calculites obscurus,"(Deflandre, 1959) Prins & Sissingh in Sissingh, 1977",Calculites,Calculites_obscurus_Geologic_Range,Calculites obscurus Geologic Range,Calculites_obscurus_Base_Time,Calculites obscurus Base Time,Calculites_obscurus_Top_Time,Calculites obscurus Top Time,Calculites_obscurus_Base_NumericTime,Calculites obscurus Base NumericTime,Calculites_obscurus_Top_NumericTime,Calculites obscurus Top NumericTime,85.29,85.57,Null,Null,C. obscurus
72,Aspidolithus_ex_gr._parcus,Aspidolithus ex gr. parcus,Null,Aspidolithus,Aspidolithus_ex_gr._parcus_Geologic_Range,Aspidolithus ex gr. parcus Geologic Range,Aspidolithus_ex_gr._parcus_Base_Time,Aspidolithus ex gr. parcus Base Time,Aspidolithus_ex_gr._parcus_Top_Time,Aspidolithus ex gr. parcus Top Time,Aspidolithus_ex_gr._parcus_Base_NumericTime,Aspidolithus ex gr. parcus Base NumericTime,Aspidolithus_ex_gr._parcus_Top_NumericTime,Aspidolithus ex gr. parcus Top NumericTime,Null,Null,Null,Null,A. parcus
73,Quadrum_sissinghii,Quadrum sissinghii,Perch Nielsen 1986,Quadrum,Quadrum_sissinghii_Geologic_Range,Quadrum sissinghii Geologic Range,Quadrum_sissinghii_Base_Time,Quadrum sissinghii Base Time,Quadrum_sissinghii_Top_Time,Quadrum sissinghii Top Time,Quadrum_sissinghii_Base_NumericTime,Quadrum sissinghii Base NumericTime,Quadrum_sissinghii_Top_NumericTime,Quadrum sissinghii Top NumericTime,Null,Null,Null,Null,Q. sissinghii
74,Quadrum_trifidum,Quadrum trifidum,(Stradner In Stradner & Papp 1961) Prins & Perch Nielsen in Manivit et al. 1977,Quadrum,Quadrum_trifidum_Geologic_Range,Quadrum trifidum Geologic Range,Quadrum_trifidum_Base_Time,Quadrum trifidum Base Time,Quadrum_trifidum_Top_Time,Quadrum trifidum Top Time,Quadrum_trifidum_Base_NumericTime,Quadrum trifidum Base NumericTime,Quadrum_trifidum_Top_NumericTime,Quadrum trifidum Top NumericTime,Null,Null,Null,Null,Q. trifidum
75,Tranolithus_phacelosus,Tranolithus phacelosus,Stover 1966,Tranolithus,Tranolithus_phacelosus_Geologic_Range,Tranolithus phacelosus Geologic Range,Tranolithus_phacelosus_Base_Time,Tranolithus phacelosus Base Time,Tranolithus_phacelosus_Top_Time,Tranolithus phacelosus Top Time,Tranolithus_phacelosus_Base_NumericTime,Tranolithus phacelosus Base NumericTime,Tranolithus_phacelosus_Top_NumericTime,Tranolithus phacelosus Top NumericTime,Null,Null,72.25,Null,T. phacelosus
76,Lithraphidites_carniolensis,Lithraphidites carniolensis,Deflandre 1963,Lithraphidites,Lithraphidites_carniolensis_Geologic_Range,Lithraphidites carniolensis Geologic Range,Lithraphidites_carniolensis_Base_Time,Lithraphidites carniolensis Base Time,Lithraphidites_carniolensis_Top_Time,Lithraphidites carniolensis Top Time,Lithraphidites_carniolensis_Base_NumericTime,Lithraphidites carniolensis Base NumericTime,Lithraphidites_carniolensis_Top_NumericTime,Lithraphidites carniolensis Top NumericTime,143.74,Null,Null,Null,L. carniolensis
77,Nannoconus_colomii,Nannoconus colomii,(de Lapparent 1931) Kamptner 1938,Nannoconus,Nannoconus_colomii_Geologic_Range,Nannoconus colomii Geologic Range,Nannoconus_colomii_Base_Time,Nannoconus colomii Base Time,Nannoconus_colomii_Top_Time,Nannoconus colomii Top Time,Nannoconus_colomii_Base_NumericTime,Nannoconus colomii Base NumericTime,Nannoconus_colomii_Top_NumericTime,Nannoconus colomii Top NumericTime,141,Null,Null,Null,N. colomii
78,Retecapsa_neocomiana,Retecapsa neocomiana,Black 1971,Retecapsa,Retecapsa_neocomiana_Geologic_Range,Retecapsa neocomiana Geologic Range,Retecapsa_neocomiana_Base_Time,Retecapsa neocomiana Base Time,Retecapsa_neocomiana_Top_Time,Retecapsa neocomiana Top Time,Retecapsa_neocomiana_Base_NumericTime,Retecapsa neocomiana Base NumericTime,Retecapsa_neocomiana_Top_NumericTime,Retecapsa neocomiana Top NumericTime,Null,Null,Null,Null,R. neocomiana
79,Diadorhombus_rectus,Diadorhombus rectus,Worsley 1971,Diadorhombus,Diadorhombus_rectus_Geologic_Range,Diadorhombus rectus Geologic Range,Diadorhombus_rectus_Base_Time,Diadorhombus rectus Base Time,Diadorhombus_rectus_Top_Time,Diadorhombus rectus Top Time,Diadorhombus_rectus_Base_NumericTime,Diadorhombus rectus Base NumericTime,Diadorhombus_rectus_Top_NumericTime,Diadorhombus rectus Top NumericTime,Null,Null,Null,Null,D. rectus
80,Calcicalathina_oblongata,Calcicalathina oblongata,"(Worsley, 1971) Thierstein, 1971",Calcicalathina,Calcicalathina_oblongata_Geologic_Range,Calcicalathina oblongata Geologic Range,Calcicalathina_oblongata_Base_Time,Calcicalathina oblongata Base Time,Calcicalathina_oblongata_Top_Time,Calcicalathina oblongata Top Time,Calcicalathina_oblongata_Base_NumericTime,Calcicalathina oblongata Base NumericTime,Calcicalathina_oblongata_Top_NumericTime,Calcicalathina oblongata Top NumericTime,137.41,Null,125.42,Null,C. oblongata
81,Tubodiscus_verenae,Tubodiscus verenae,"Thierstein, 1973",Tubodiscus,Tubodiscus_verenae_Geologic_Range,Tubodiscus verenae Geologic Range,Tubodiscus_verenae_Base_Time,Tubodiscus verenae Base Time,Tubodiscus_verenae_Top_Time,Tubodiscus verenae Top Time,Tubodiscus_verenae_Base_NumericTime,Tubodiscus verenae Base NumericTime,Tubodiscus_verenae_Top_NumericTime,Tubodiscus verenae Top NumericTime,138.25,Null,133.09,128.61,T. verenae
82,Cruciellipsis_cuvillieri,Cruciellipsis cuvillieri,"(Manivit, 1966) Thierstein, 1971",Cruciellipsis,Cruciellipsis_cuvillieri_Geologic_Range,Cruciellipsis cuvillieri Geologic Range,Cruciellipsis_cuvillieri_Base_Time,Cruciellipsis cuvillieri Base Time,Cruciellipsis_cuvillieri_Top_Time,Cruciellipsis cuvillieri Top Time,Cruciellipsis_cuvillieri_Base_NumericTime,Cruciellipsis cuvillieri Base NumericTime,Cruciellipsis_cuvillieri_Top_NumericTime,Cruciellipsis cuvillieri Top NumericTime,Null,Null,128.82,128.82,C. cuvillieri
83,Parhabdolithus_angustus,Parhabdolithus angustus,"(Stradner, 1963) Reinhardt, 1971",Parhabdolithus,Parhabdolithus_angustus_Geologic_Range,Parhabdolithus angustus Geologic Range,Parhabdolithus_angustus_Base_Time,Parhabdolithus angustus Base Time,Parhabdolithus_angustus_Top_Time,Parhabdolithus angustus Top Time,Parhabdolithus_angustus_Base_NumericTime,Parhabdolithus angustus Base NumericTime,Parhabdolithus_angustus_Top_NumericTime,Parhabdolithus angustus Top NumericTime,Null,Null,Null,Null,P. angustus
84,Prediscosphaera_cretacea,Prediscosphaera cretacea,"(Arkhangelsky, 1912) Gartner, 1968",Prediscosphaera,Prediscosphaera_cretacea_Geologic_Range,Prediscosphaera cretacea Geologic Range,Prediscosphaera_cretacea_Base_Time,Prediscosphaera cretacea Base Time,Prediscosphaera_cretacea_Top_Time,Prediscosphaera cretacea Top Time,Prediscosphaera_cretacea_Base_NumericTime,Prediscosphaera cretacea Base NumericTime,Prediscosphaera_cretacea_Top_NumericTime,Prediscosphaera cretacea Top NumericTime,Null,Null,Null,Null,P. cretacea
85,Axopodorhabdus_albianus,Axopodorhabdus albianus,"(Black, 1967) Wind & Wise 1983",Axopodorhabdus,Axopodorhabdus_albianus_Geologic_Range,Axopodorhabdus albianus Geologic Range,Axopodorhabdus_albianus_Base_Time,Axopodorhabdus albianus Base Time,Axopodorhabdus_albianus_Top_Time,Axopodorhabdus albianus Top Time,Axopodorhabdus_albianus_Base_NumericTime,Axopodorhabdus albianus Base NumericTime,Axopodorhabdus_albianus_Top_NumericTime,Axopodorhabdus albianus Top NumericTime,109.94,108.17,93.98,93.93,A. albianus
86,Gartnerago_obliquum_s._str,Gartnerago obliquum s. str.,Null,Gartnerago,Gartnerago_obliquum_s._str._Geologic_Range,Gartnerago obliquum s. str. Geologic Range,Gartnerago_obliquum_s._str._Base_Time,Gartnerago obliquum s. str. Base Time,Gartnerago_obliquum_s._str._Top_Time,Gartnerago obliquum s. str. Top Time,Gartnerago_obliquum_s._str._Base_NumericTime,Gartnerago obliquum s. str. Base NumericTime,Gartnerago_obliquum_s._str._Top_NumericTime,Gartnerago obliquum s. str. Top NumericTime,Null,Null,Null,Null,G. obliquum s. str.
87,Broinsonia_parca,Broinsonia parca,"(Stradner, 1963) Bukry, 1969",Broinsonia,Broinsonia_parca_Geologic_Range,Broinsonia parca Geologic Range,Broinsonia_parca_Base_Time,Broinsonia parca Base Time,Broinsonia_parca_Top_Time,Broinsonia parca Top Time,Broinsonia_parca_Base_NumericTime,Broinsonia parca Base NumericTime,Broinsonia_parca_Top_NumericTime,Broinsonia parca Top NumericTime,Null,Null,74.79,Null,B. parca
88,Tetralithus_aculeus,Tetralithus aculeus,Bukry & Kennedy 1969,Tetralithus,Tetralithus_aculeus_Geologic_Range,Tetralithus aculeus Geologic Range,Tetralithus_aculeus_Base_Time,Tetralithus aculeus Base Time,Tetralithus_aculeus_Top_Time,Tetralithus aculeus Top Time,Tetralithus_aculeus_Base_NumericTime,Tetralithus aculeus Base NumericTime,Tetralithus_aculeus_Top_NumericTime,Tetralithus aculeus Top NumericTime,79.13,Null,Null,Null,T. aculeus
89,Tetralithus_trifidus,Tetralithus trifidus,"Stradner in Stradner & Papp 1961 emend. Prins & Sissingh, in Sissingh 1977",Tetralithus,Tetralithus_trifidus_Geologic_Range,Tetralithus trifidus Geologic Range,Tetralithus_trifidus_Base_Time,Tetralithus trifidus Base Time,Tetralithus_trifidus_Top_Time,Tetralithus trifidus Top Time,Tetralithus_trifidus_Base_NumericTime,Tetralithus trifidus Base NumericTime,Tetralithus_trifidus_Top_NumericTime,Tetralithus trifidus Top NumericTime,Null,Null,71.3,Null,T. trifidus
90,Lithraphidites_praequadratus,Lithraphidites praequadratus,Roth 1978,Lithraphidites,Lithraphidites_praequadratus_Geologic_Range,Lithraphidites praequadratus Geologic Range,Lithraphidites_praequadratus_Base_Time,Lithraphidites praequadratus Base Time,Lithraphidites_praequadratus_Top_Time,Lithraphidites praequadratus Top Time,Lithraphidites_praequadratus_Base_NumericTime,Lithraphidites praequadratus Base NumericTime,Lithraphidites_praequadratus_Top_NumericTime,Lithraphidites praequadratus Top NumericTime,Null,78.78,Null,Null,L. praequadratus
